"","countryregioncode","countryregionname","indicatorcode","indicatorname","periodicity","timeperiod","datavalue","sourcecode","sourcename","sourceconsulteddate","sourcelastupdateddate","flag","notes"
"1","AFG","Afg test","production_in_tonnes_wheat_000","Production in tonnes - Wheat - Annual","A",2000,1469000,"FAOSTAT/QCL","FAO statistical database - production - crops and livestock products","2022-04-08 17:15:57","2022-02-16 00:00:00","",""
"2","AFG","Afg test","production_in_tonnes_wheat_000","Production in tonnes - Wheat - Annual","A",2001,1597000,"FAOSTAT/QCL","FAO statistical database - production - crops and livestock products","2022-04-08 17:15:57","2022-02-16 00:00:00","",""
"3","AFG","Afg test","production_in_tonnes_wheat_000","Production in tonnes - Wheat - Annual","A",2002,2686000,"FAOSTAT/QCL","FAO statistical database - production - crops and livestock products","2022-04-08 17:15:57","2022-02-16 00:00:00","",""
"4","AUT","Aus test","yield_in_hg_per_ha_maize_0000","Yield in kg per ha - Maize - Annual","A",2000,180431,"FAOSTAT/QCL","FAO statistical database - production - crops and livestock products","2022-04-08 17:15:57","2022-02-16 00:00:00","",""
"5","AUT","Aus test","yield_in_hg_per_ha_maize_0000","Yield in kg per ha - Maize - Annual","A",2001,183042,"FAOSTAT/QCL","FAO statistical database - production - crops and livestock products","2022-04-08 17:15:57","2022-02-16 00:00:00","",""
"6","AUT","Aus test","yield_in_hg_per_ha_maize_0000","Yield in kg per ha - Maize - Annual","A",2002,179295,"FAOSTAT/QCL","FAO statistical database - production - crops and livestock products","2022-04-08 17:15:57","2022-02-16 00:00:00","",""
"7","AUT","Aus test","production_in_tonnes_wheat_000","Production in tonnes - Wheat - Annual","A",2000,1312962,"FAOSTAT/QCL","FAO statistical database - production - crops and livestock products","2022-04-08 17:15:57","2022-02-16 00:00:00","",""
"8","AUT","Aus test","production_in_tonnes_wheat_000","Production in tonnes - Wheat - Annual","A",2001,1508283,"FAOSTAT/QCL","FAO statistical database - production - crops and livestock products","2022-04-08 17:15:57","2022-02-16 00:00:00","",""
"9","AUT","Aus test","production_in_tonnes_wheat_000","Production in tonnes - Wheat - Annual","A",2002,1434208,"FAOSTAT/QCL","FAO statistical database - production - crops and livestock products","2022-04-08 17:15:57","2022-02-16 00:00:00","",""
