"msctablelink","msctablename","msctableversion","msctablestatus","msctabledatecreated","msctabledateprocessed"
"https://docs.google.com/spreadsheets/d/1kidSqkig8rlgtgf9FiM_1azEFgtB4IJ2dRhjr_k8Gmw/edit?usp=sharing","msc test",0,"active",1649609398,1649609398
"aaxx","xx",0,"(unactive)",1649609398,1649609398
"https://docs.google.com/spreadsheets/d/1wusm9lz-nrHdE6iF10KGV8ZtlZIR6gzNJXyT7lFT9T8/edit#gid=1329733561","UNDATA_GDP_EXP_CP_USD_20220609",2,"active",1654846992.27871,1655118538.72883
"https://docs.google.com/spreadsheets/d/1xPoH8KXsMZjBH6T_VRVabveiQjMqm3RYYR4LGbwNsCU/edit?usp=sharing","UNDATA_VA_ACT_CP_USD_CXR",0,"active",1655118736.06984,1655118736.06984
