"indicator","countrypartner","msctablelink","periodicity","beginperiod","endperiod"
"FCE_CP_USD_CXR","PAN","https://docs.google.com/spreadsheets/d/1wusm9lz-nrHdE6iF10KGV8ZtlZIR6gzNJXyT7lFT9T8/edit#gid=1329733561","A","1970","2020"
"FCEHHNPISH_CP_USD_CXR","PAN","https://docs.google.com/spreadsheets/d/1wusm9lz-nrHdE6iF10KGV8ZtlZIR6gzNJXyT7lFT9T8/edit#gid=1329733561","A","1970","2020"
"FCEGG_CP_USD_CXR","PAN","https://docs.google.com/spreadsheets/d/1wusm9lz-nrHdE6iF10KGV8ZtlZIR6gzNJXyT7lFT9T8/edit#gid=1329733561","A","1970","2020"
"GCF_CP_USD_CXR","PAN","https://docs.google.com/spreadsheets/d/1wusm9lz-nrHdE6iF10KGV8ZtlZIR6gzNJXyT7lFT9T8/edit#gid=1329733561","A","1970","2020"
"GFCF_CP_USD_CXR","PAN","https://docs.google.com/spreadsheets/d/1wusm9lz-nrHdE6iF10KGV8ZtlZIR6gzNJXyT7lFT9T8/edit#gid=1329733561","A","1970","2020"
"EXPGS_CP_USD_CXR","PAN","https://docs.google.com/spreadsheets/d/1wusm9lz-nrHdE6iF10KGV8ZtlZIR6gzNJXyT7lFT9T8/edit#gid=1329733561","A","1970","2020"
"IMPGS_CP_USD_CXR","PAN","https://docs.google.com/spreadsheets/d/1wusm9lz-nrHdE6iF10KGV8ZtlZIR6gzNJXyT7lFT9T8/edit#gid=1329733561","A","1970","2020"
"GDP_CP_USD_CXR","PAN","https://docs.google.com/spreadsheets/d/1wusm9lz-nrHdE6iF10KGV8ZtlZIR6gzNJXyT7lFT9T8/edit#gid=1329733561","A","1970","2020"
"CHINV_CP_USD_CXR","PAN","https://docs.google.com/spreadsheets/d/1wusm9lz-nrHdE6iF10KGV8ZtlZIR6gzNJXyT7lFT9T8/edit#gid=1329733561","A","1970","2020"
"VA_ISIC_A_B_CP_USD_CXR","PAN","https://docs.google.com/spreadsheets/d/1xPoH8KXsMZjBH6T_VRVabveiQjMqm3RYYR4LGbwNsCU/edit?usp=sharing","A","1970","2020"
"VA_ISIC_C_E_CP_USD_CXR","PAN","https://docs.google.com/spreadsheets/d/1xPoH8KXsMZjBH6T_VRVabveiQjMqm3RYYR4LGbwNsCU/edit?usp=sharing","A","1970","2020"
"VA_ISIC_D_CP_USD_CXR","PAN","https://docs.google.com/spreadsheets/d/1xPoH8KXsMZjBH6T_VRVabveiQjMqm3RYYR4LGbwNsCU/edit?usp=sharing","A","1970","2020"
"VA_ISIC_F_CP_USD_CXR","PAN","https://docs.google.com/spreadsheets/d/1xPoH8KXsMZjBH6T_VRVabveiQjMqm3RYYR4LGbwNsCU/edit?usp=sharing","A","1970","2020"
"VA_ISIC_G_H_CP_USD_CXR","PAN","https://docs.google.com/spreadsheets/d/1xPoH8KXsMZjBH6T_VRVabveiQjMqm3RYYR4LGbwNsCU/edit?usp=sharing","A","1970","2020"
"VA_ISIC_I_CP_USD_CXR","PAN","https://docs.google.com/spreadsheets/d/1xPoH8KXsMZjBH6T_VRVabveiQjMqm3RYYR4LGbwNsCU/edit?usp=sharing","A","1970","2020"
"VA_ISIC_J_P_CP_USD_CXR","PAN","https://docs.google.com/spreadsheets/d/1xPoH8KXsMZjBH6T_VRVabveiQjMqm3RYYR4LGbwNsCU/edit?usp=sharing","A","1970","2020"
"VA_TOTAL_CP_USD_CXR","PAN","https://docs.google.com/spreadsheets/d/1xPoH8KXsMZjBH6T_VRVabveiQjMqm3RYYR4LGbwNsCU/edit?usp=sharing","A","1970","2020"
